
[{"name": "iPhone 6S", "productUrl": "http://s3.amazonaws.com/image1.jpg", "price" : "233 USD", "currency" : "INR", "discountPercentage" : "21%","cashBack":"10" },{"name": "iPhone 6S", "productUrl": "http://s3.amazonaws.com/image1.jpg", "price" : "233 USD", "currency" : "INR", "discountPercentage" : "21%","cashBack":"10" }]
[{"name": "iPhone 6S", "productUrl": "http://s3.amazonaws.com/image1.jpg", "price" : "233 USD", "currency" : "INR", "discountPercentage" : "21%","cashBack":"10" },{"name": "iPhone 6S", "productUrl": "http://s3.amazonaws.com/image1.jpg", "price" : "233 USD", "currency" : "INR", "discountPercentage" : "21%","cashBack":"10" }]
[{"name": "iPhone 6S", "productUrl": "http://s3.amazonaws.com/image1.jpg", "price" : "233 USD", "currency" : "INR", "discountPercentage" : "21%","cashBack":"10" },{"name": "iPhone 6S", "productUrl": "http://s3.amazonaws.com/image1.jpg", "price" : "233 USD", "currency" : "INR", "discountPercentage" : "21%","cashBack":"10" }]